id;name;family_name;patronymic;phone
1;local area network Benin;turn-key dedicated;Wisconsin;348.964.7356 x56481
2;sensor;Alaska;deposit Chips Applications;298.370.9934 x59599
3;Incredible functionalities fuchsia;infrastructure;mesh;986.950.0266
4;intuitive Open-architected system-worthy;program;Metal array France;(848) 286-9050
5;Auto Loan Account olive;Yen;Unbranded Fresh Pants Tools California;560-341-5928 x580
6;Small Fresh Gloves;Brunei Darussalam interface;compress lavender Investment Account;(801) 545-6617
7;Strategist;card Licensed Cotton Ball;mindshare Gorgeous;190-846-6401
8;Table Enterprise-wide Benin;Tuna Response invoice;alarm Jamaica;740-253-1710 x3100
9;Incredible Fresh Chips;Shoes Music connect;Hollow Shoes systems;069.680.2306
10;Borders EXE payment;Checking Account;invoice Outdoors New York;1-856-356-1485 x89638
